category,item,price_without_tax,price_with_tax
おむすび,赤飯おむすび,125,135
おむすび,直巻おかかづくし,116,125
おむすび,スーパー大麦枝豆チーズ,121,130
おむすび,デクのかつ丼風おむすび,202,218
おむすび,SPAM®むすびツナマヨネーズ,249,268
おむすび,ごちむすびほたてバター醤油仕立て,209,225
おむすび,ごちむすび牛すき,195,210
おむすび,【関西地方・中国・四国地方限定】ごちむすび牛すき,221,238
おむすび,具だくさん！チキン南蛮,167,180
おむすび,焼おむすび,112,120
おむすび,具だくさん！鮭とろ明太子,165,178
おむすび,手巻紅しゃけ,153,165
おむすび,直巻和風ツナマヨネーズ,119,128
おむすび,直巻焼しゃけ,125,135
おむすび,直巻明太子マヨネーズ,128,138
おむすび,直巻とり五目,125,135
おむすび,手巻シーチキンマヨネーズ,125,135
おむすび,手巻辛子明太子,149,160
おむすび,手巻真昆布,116,125
おむすび,手巻紀州南高梅,121,130
おむすび,焦がし醤油チャーハン,128,138
おむすび,おむすび2個セット（鮭ごま・昆布）,204,220
おむすび,ごちむすびとろさば,172,185
おむすび,ごちむすび大きな鮭はらみ,195,210
お弁当,豚焼肉カレー,528,570
お弁当,4種の醤が決め手四川風麻婆豆腐丼,445,480
お弁当,ごま油香る！シュウマイ弁当,554,598
お弁当,塩麹仕立ての炙り焼さば海苔弁当,600,648
お弁当,香味野菜香る！特製だれの油淋鶏&炒飯弁当,600,648
お弁当,【北海道地方・東北地方・関東地方・北陸地方限定】幕の内弁当,462,498
お弁当,【東海地方・関西地方・中国・四国地方・九州地方限定】幕の内弁当,462,498
お弁当,肉盛り！豚焼肉弁当,573,618
お弁当,特製デミグラスソースのふわとろオムライス,462,498
お弁当,たらこバターごはん,323,348
お弁当,鶏五目ごはん,306,330
お弁当,3色そぼろ&チキン南蛮弁当,519,560
お弁当,鶏のうまみ！鶏そぼろ弁当,276,298
お弁当,だしの旨味感じる！ロースかつ丼,547,590
お弁当,明太海苔弁当,445,480
お弁当,やわらか若鶏の唐揚弁当,499,538
お弁当,特製ダレの炙り焼牛カルビ重,591,638
お弁当,おろしタツタ弁当（ゆずぽん酢）,510,550
お弁当,香りとコクが自慢のバターチキンカレー,462,498
お弁当,ネギ油と黒マー油で仕上げた！チャーシュー炒飯,369,398
お弁当,赤ワイン仕立てのオニオンソースポークソテー弁当,600,648
お弁当,肉汁じゅわっと！鉄板焼ハンバーグ弁当,591,638
お弁当,肉の旨みとやわらか食感！特製とんかつ弁当,600,648
お弁当,30種類以上のスパイス使用こだわりカレー,276,298
お弁当,ふんわりたまごとだしが決め手の親子丼,417,450
お寿司,手巻寿司とろサーモン（青まぜ）,156,168
お寿司,栗いなり寿司,144,155
お寿司,海鮮とろろ4色丼,582,628
お寿司,ねぎとろ巻,389,420
お寿司,手巻寿司明太子納豆,149,160
お寿司,海鮮丼（まぐろ・サーモン）,582,628
お寿司,手巻寿司ねぎとろ（青まぜ）,153,165
お寿司,まぐろたくあん巻&サーモンオニオン巻,426,460
お寿司,いなり寿司3ヶ入,213,230
お寿司,助六寿司,417,450
お寿司,いなり&玉子寿司セット,408,440
お寿司,サーモンづくし,408,440
お寿司,手巻寿司納豆,139,150
お寿司,手巻寿司シーチキンマヨネーズ,135,145
お寿司,ツナサラダ巻とカニカマ巻,329,355
お寿司,鮨10種,602,650
お寿司,こだわり納豆の納豆細巻寿司,306,330
お寿司,生ハム寿司,156,168
お寿司,サラダ巻2種,399,430
サンドイッチ・ロールパン・バーガー,フレッシュフルーツサンド,313,338
サンドイッチ・ロールパン・バーガー,ベーコンレタスチーズバーガー,323,348
サンドイッチ・ロールパン・バーガー,チーズバーガー,184,198
サンドイッチ・ロールパン・バーガー,ソースたっぷりタルタルフィッシュバーガー,260,280
サンドイッチ・ロールパン・バーガー,エンデヴァーのプロミネンスバーンサンド（炙り牛焼肉）,306,330
サンドイッチ・ロールパン・バーガー,ピザサンドピザポテト味,267,288
サンドイッチ・ロールパン・バーガー,根菜チキンのサラダラップ,276,298
サンドイッチ・ロールパン・バーガー,トルティーヤハム&とろ～り4種チーズ,241,260
サンドイッチ・ロールパン・バーガー,2種類のトルティーヤチキンとチャーシュー,369,398
サンドイッチ・ロールパン・バーガー,たんぱく質が摂れる！サラダチキンロール,350,378
サンドイッチ・ロールパン・バーガー,チキンカツコッペ,297,320
サンドイッチ・ロールパン・バーガー,トルティーヤチーズタッカルビ,258,278
サンドイッチ・ロールパン・バーガー,2種類のトルティーヤ豚生姜焼とローストチキン,369,398
サンドイッチ・ロールパン・バーガー,ブルーベリーとレアチーズクリームのサンド,258,278
サンドイッチ・ロールパン・バーガー,野菜ミックスサンド,276,298
サンドイッチ・ロールパン・バーガー,ピザサンドパキッと！ジューシー！ウインナー&BBQソース,260,280
サンドイッチ・ロールパン・バーガー,ホットドッグ,195,210
サンドイッチ・ロールパン・バーガー,全粒粉サンド海老とブロッコリーのサラダサンド,297,320
サンドイッチ・ロールパン・バーガー,ジューシーハムサンド,267,288
サンドイッチ・ロールパン・バーガー,たまごサンド,230,248
サンドイッチ・ロールパン・バーガー,厚切りロースカツサンド,369,398
サンドイッチ・ロールパン・バーガー,ツナたまごサンド,241,260
サンドイッチ・ロールパン・バーガー,ハムチーズたまごサンド,249,268
サンドイッチ・ロールパン・バーガー,たまハムミックスサンド,276,298
サンドイッチ・ロールパン・バーガー,5種具材のミックスサンド,186,200
サンドイッチ・ロールパン・バーガー,海老カツサンド,369,398
サンドイッチ・ロールパン・バーガー,テリヤキチキンとたまごのサンド,276,298
サンドイッチ・ロールパン・バーガー,ミックスサンド,258,278
サンドイッチ・ロールパン・バーガー,シャキシャキレタスサンド,267,288
サンドイッチ・ロールパン・バーガー,ポテトサラダサンド,223,240
サンドイッチ・ロールパン・バーガー,全粒粉サンドサラダチキンとたまご,276,298
サンドイッチ・ロールパン・バーガー,ピザサンド完熟トマトのマルゲリータ,241,260
サンドイッチ・ロールパン・バーガー,石窯パリジャンサンド（ハム&チーズ）,276,298
サンドイッチ・ロールパン・バーガー,ピザサンドWチーズ&ミートソース,250,270
パン,かた揚げリングドーナツ8個入,184,198
パン,チーズフランスブール,147,158
パン,発酵バター入り生地のチョコクロワッサン,128,138
パン,お肉たっぷりメンチカツバーガー,165,178
パン,ハムチーズマヨネーズ,119,128
パン,発酵バター入りホイップの生チョコブリオッシュ,135,145
パン,発酵バター入りクリームの焼チョコデニッシュ,135,145
パン,ホイップメロンパン,135,145
パン,つぶあんスティックデニッシュ3本入,165,178
パン,しっとりやわらかバターロール4個入,110,118
パン,マーガリン入りテーブルロール4個入,119,128
パン,マーガリン入りレーズンロール4個入,119,128
パン,ベーコン&エッグデニッシュ,139,150
パン,2種類のホットサンド（ツナチーズ&ベーコンエッグ）,230,248
パン,ふわもち食感のメープルシュガーサンド,119,128
パン,ベーコンペッパーマヨ,110,118
パン,アップルクリームデニッシュ（青森県産ふじりんご）,128,138
パン,黒糖チョコロール4個入,147,158
パン,チョコづくしのショコラブレッド3枚入,167,180
パン,発酵バターケーキタルト,139,150
パン,ふんわりおいしいホットケーキ（メープル&マーガリン）,110,118
パン,オールドファッションドーナツ（チョコ）,110,118
パン,ホイップフレンチトースト（発酵バター入りホイップ）,156,168
パン,チョコとナッツのクロワッサンドーナツ,147,158
パン,ピスタチオデニッシュ,156,168
パン,ツナパン3個入（コーン入り）,165,178
パン,しっとりケーキ（バナナ）,128,138
パン,バターミルクフランス,135,145
パン,たまご蒸しケーキ3個入,139,150
パン,かぼちゃパイ（北海道産かぼちゃのあん使用）,110,118
パン,全粒粉入りパンとボールフランスパン5個入,184,198
パン,ちぎれる白いチョコホイップパン,128,138
パン,ふわふわバターパン,119,128
パン,お月見カレーパン,165,178
パン,さつまいもスティック6本入,156,168
パン,ホットサンド（ベーコン&スクランブルエッグ）,139,150
パン,完熟トマトピザパン,110,118
パン,ジュワっとした塩バターパン,119,128
パン,ちぎれるしっとりバター,112,120
パン,ふんわりチーズクリームパン,119,128
パン,チョコツイスト3本入,119,128
パン,ピリ辛明太フランス（かねふく明太使用）,128,138
パン,ダブルウインナー&たまご,147,158
パン,三角ハムドーナツ（タルタルソース）,128,138
パン,ミルクツイスト3本入,119,128
パン,2色のボールドーナツプレーンとチョコ16個入,165,178
パン,オニオンの旨み味わうチーズオニオンブレッド,128,138
パン,小麦香る食パン6枚,128,138
パン,和風ツナパン,119,128
パン,白いチョコパン,100,108
パン,デニッシュブレッド3枚（バターと生クリーム入り）,128,138
パン,たまごロール3個入,165,178
パン,牛乳仕込みのバターチュロッキー,112,120
パン,パン・オ・ショコラ3個入,165,178
パン,チョコチップスナック6本入,110,118
パン,スナックスティック6本入,110,118
パン,つぶあんドーナツ,110,118
パン,北海道メロンパン,119,128
パン,ミニスイートクロワッサン5個入,119,128
パン,もちもちくるみパン,119,128
パン,コッペパン（ダブルピーナッツ）,128,138
パン,つぶあんぱん,110,118
パン,なめらかクリームパン5個入,110,118
パン,なめらかチョコクリームパン5個入,110,118
パン,なめらかピーナッツクリームパン5個入,110,118
パン,ミニつぶあんぱん5個入,119,128
パン,コッペパン（つぶあん&マーガリン）,128,138
パン,コッペパン（イチゴジャム&マーガリン）,128,138
パン,たまごドッグ,110,118
パン,もっち歩き（チョコ）,110,118
パン,ハムカツたまごドッグ,128,138
パン,濃い旨ソース！コロッケ&たまごドッグ,128,138
パン,濃い旨ソース！焼きそばドッグ,139,150
パン,しみ旨フレンチトースト,121,130
パン,しっとりケーキ（チョコ）,119,128
パン,しっとりやわらか食パン3枚,100,108
パン,しっとりやわらか食パン5枚,149,160
パン,しっとりやわらか食パン6枚,149,160
パン,ファミマ・ザ・クリームパン,119,128
パン,ファミマ・ザ・メロンパン,110,118
パン,ファミマ・ザ・カレーパン,128,138
パン,たっぷりクリームデニッシュ（北海道産牛乳入りクリーム使用）,100,108
パン,もっちパン（ミート&チーズ）,100,108
パン,手巻きソーセージドーナツ,128,138
パン,ツイストドーナツ3本入,110,118
パン,ファミチキバンズ（タルタルソース）,82,88
パン,ちぎれるシュガーマーガリンのパン（国産バター入りマーガリン使用）,112,120
パン,フランクロール,165,178
パン,大きいあらびきチョリソー,128,138
パン,大きいウインナー,128,138
パン,ひと口もち食感チーズ（北海道産ナチュラルチーズ使用）,128,138
パン,ぎっしりコーンパン,128,138
パン,ロングデニッシュ（バター風味）,110,118
そば・うどん・中華めん,鶏油が決め手！醤油ラーメン,528,570
そば・うどん・中華めん,煮干しまぜそば,491,530
そば・うどん・中華めん,北海道仕込みの厳選味噌味噌ラーメン,528,570
そば・うどん・中華めん,ダブルソースが決め手！ソース焼そば,399,430
そば・うどん・中華めん,甜面醤の旨み！ジャージャー麺,463,500
そば・うどん・中華めん,野菜ちゃんぽん,510,550
そば・うどん・中華めん,ゆず香る！あったか鶏塩そうめん,389,420
そば・うどん・中華めん,魚介の旨み上海風焼そば,462,498
そば・うどん・中華めん,海老天そば,528,570
そば・うどん・中華めん,カレーうどん,491,530
そば・うどん・中華めん,豚カルビとねぎの大盛塩焼そば,491,530
そば・うどん・中華めん,【東海地方限定】カレーうどん,454,490
そば・うどん・中華めん,1/3日分野菜のチャーシュー焼ビーフン,417,450
そば・うどん・中華めん,釜炊きお揚げのきつねうどん,417,450
そば・うどん・中華めん,だし香るかき揚げそば,417,450
そば・うどん・中華めん,辛旨だれが決め手！台湾風まぜそば,491,530
そば・うどん・中華めん,あんかけ焼そば,491,530
そば・うどん・中華めん,ざるそば,352,380
そば・うどん・中華めん,冷しとろろそば,426,460
パスタ,オニ盛！ミートソース,584,630
パスタ,オニ盛！ペペロンチーノ,584,630
パスタ,ツナとほうれん草のトマトパスタ,445,480
パスタ,パストラミポークとブロッコリーのペペロンチーノ,417,450
パスタ,ごろごろ茄子のトマトパスタ,510,550
パスタ,大盛ナポリタン,510,550
パスタ,大盛バター香る！コク旨明太子スパゲティ,462,498
パスタ,たらこスパゲティ,445,480
パスタ,焦がし醤油仕立て焼きとうもろこしとツナのパスタ,369,398
パスタ,あさりときのこのバター醤油パスタ,462,498
パスタ,海老のジェノベーゼ,462,498
パスタ,生パスタベーコンとほうれん草のクリームソース,462,498
パスタ,生パスタ海老のトマトクリーム,462,498
パスタ,昔懐かしナポリタン,369,398
パスタ,牛挽肉とデミの旨み！ミートソース,369,398
サラダ,ねぎ塩チキンのサラダ,406,438
サラダ,薄削りチーズのシーザーサラダ,315,340
サラダ,ピリ辛そぼろと豆腐のサラダ,369,398
サラダ,4種のネバネバサラダ,249,268
サラダ,香ばし醤油の3種きのこサラダ,462,498
サラダ,シャカふりサラダ,195,210
サラダ,高リコピントマト使用BLTEサラダ,304,328
サラダ,チョレギサラダ,297,320
サラダ,国産ハーブ鶏のサラダ,434,468
サラダ,野菜スティック（味噌マヨ）,249,268
サラダ,15品目のビビンバ風サラダ,554,598
サラダ,豚しゃぶのパスタサラダ,334,360
サラダ,ローストチキンのパスタサラダ,313,338
サラダ,蒸し鶏のパスタサラダ,406,438
サラダ,サラダチキンのサラダ,202,218
サラダ,唐揚げマヨパスタサラダ,334,360
サラダ,パリパリ麺サラダ,369,398
サラダ,半熟玉子とコーンのサラダ,297,320
サラダ,シーチキン&コーンサラダ,221,238
サラダ,フレッシュ野菜サラダ,184,198
サラダ,藻塩仕立ての旨塩ドレッシング,28,30
サラダ,和風ドレッシング,24,25
サラダ,焙煎ごまドレッシング,24,25
サラダ,すりおろし野菜ドレッシング,28,30
サラダ,減塩和風ドレッシング,26,28
サラダ,ノンオイル青じそドレッシング,19,20
サラダ,黒酢＆たまねぎドレッシング,28,30
チルド惣菜,鶏肉の甘辛仕立てと皮付ごぼう炒め,369,398
チルド惣菜,ぽん酢で食べる豚もやし,350,378
チルド惣菜,まぜて食べる！豚キムチ,434,468
チルド惣菜,酸辣湯風あんかけ豆腐,369,398
チルド惣菜,じゃがバタコ,352,380
チルド惣菜,大盛タルタルチキン南蛮,508,548
チルド惣菜,小松菜といんげんのごま和え,213,230
チルド惣菜,ハムと4種野菜のポテトサラダ,213,230
チルド惣菜,むき枝豆チーズ明太,249,268
チルド惣菜,4種具材の切り干し大根煮,130,140
チルド惣菜,トマトソースのミートボール,110,118
チルド惣菜,鶏唐揚げネギ香味だれ,434,468
チルド惣菜,五香粉が決め手のスパイシー鶏唐揚げ,369,398
チルド惣菜,小松菜とケールのナムル,230,248
チルド惣菜,シュウマイ&黒酢肉団子,350,378
チルド惣菜,ちくわ磯辺揚げ&コロッケ&鶏天,406,438
チルド惣菜,豚タンぽん酢,230,248
チルド惣菜,おつまみカニカマのサラダ（からし風味）,204,220
チルド惣菜,豚バラ黒胡椒焼き,306,330
チルド惣菜,味しみよく仕上げたさといも煮,139,150
チルド惣菜,香ばしく炒めたきんぴらごぼう,130,140
チルド惣菜,島豆腐とビーフンのチャンプルー,397,428
チルド惣菜,炭火焼き鳥（もも3本・かわ2本・つくね1本）,510,550
チルド惣菜,玉子のコクマカロニサラダ,204,220
チルド惣菜,金目鯛の煮付け,397,428
チルド惣菜,チーズがとろけだすチーズインハンバーグ,147,158
チルド惣菜,濃厚デミグラスソースハンバーグステーキ,221,238
チルド惣菜,コールスローサラダ,186,200
チルド惣菜,野菜と蒸し鶏のあんかけ豆腐,369,398
チルド惣菜,かつおのおだしたっぷり厚焼き玉子（紅生姜付）,297,320
チルド惣菜,特製ダレの味付けたまご,230,248
チルド惣菜,やげん軟骨ピリ辛味噌焼き,295,318
チルド惣菜,牛肉の旨みと大根の味しみ！味しみ肉豆腐,369,398
チルド惣菜,しっとりやわらかさつまいも甘煮,130,140
チルド惣菜,かつおの旨みとするめの風味玉こんにゃく,128,138
チルド惣菜,おだしの旨み！ねばねばサラダ,204,220
チルド惣菜,豚肉と玉子炒め,369,398
チルド惣菜,チキンカツとイカフライ,406,438
チルド惣菜,揚げ出し豆腐,297,320
チルド惣菜,蓮根ごぼうサラダ,212,228
チルド惣菜,豚タン下のにんにく醤油焼き,313,338
チルド惣菜,辛みが効いたスンドゥブチゲ,369,398
チルド惣菜,お肉の旨みを閉じ込めた極じゅわハンバーグ,406,438
チルド惣菜,こだわりの二段仕込み絶品ビーフカレー,397,428
チルド惣菜,こだわりの二段仕込み芳醇ビーフシチュー,406,438
チルド惣菜,ほうれん草の白和え,276,298
チルド惣菜,パキっと食感あらびきポークウインナー,350,378
チルド惣菜,7種具材のひじき煮,130,140
チルド惣菜,ごまだれ春雨サラダ（香り箱入り）,276,298
チルド惣菜,ひとくちチキンナゲット,288,310
チルド惣菜,骨付きチキンバー,350,378
チルド惣菜,からし酢みそで食べるおつまみボイルいか,278,300
チルド惣菜,北海道産男爵いも使用ごろごろ牛肉じゃが,276,298
チルド惣菜,おつまみポテト&ウインナー,369,398
チルド惣菜,おつまみメンマチャーシュー,369,398
チルド惣菜,5品目の中華くらげ,232,250
チルド惣菜,ベーコンペッパーマカロニサラダ,230,248
チルド惣菜,炭火焼き鳥柚子胡椒,297,320
チルド惣菜,さばのみそ煮,313,338
チルド惣菜,海老とブロッコリーのタルタルサラダ,258,278
チルド惣菜,あらびきウインナー,295,318
チルド惣菜,ピリ辛チョリソー,295,318
チルド惣菜,銀鮭の西京焼き,369,398
チルド惣菜,たまごマカロニサラダ,276,298
チルド惣菜,切れてるてりやきチキン,249,268
チルド惣菜,レモン風味の鶏軟骨から揚げ,276,298
チルド惣菜,ヤンニョムチキン（トック入り）,369,398
チルド惣菜,デミグラスソースのハンバーグ&ナポリタン,341,368
チルド惣菜,やげん軟骨焼き塩レモン味,286,308
チルド惣菜,いか里芋煮,341,368
チルド惣菜,豆腐と枝豆のひじき和え,213,230
チルド惣菜,おつまみ揚げソーセージ,276,298
チルド惣菜,ごろごろ具材の甘酸っぱい酢豚,323,348
チルド惣菜,燻製チーズソーセージ入りおつまみ4点盛り,369,398
チルド惣菜,卵のコクを感じるたまごサラダ,121,130
チルド惣菜,シャキシャキごぼうのごぼうサラダ,121,130
チルド惣菜,殻までおいしいガーリックシュリンプ,369,398
チルド惣菜,ごはんにちょいかけ！ポークビンダルー,276,298
チルド惣菜,さばの塩焼き,304,328
チルド惣菜,ごはんにちょいかけ！やみつきになる？カレー,212,228
チルド惣菜,ほくほくじゃがいものポテトサラダ,119,128
チルド惣菜,国産じゃがいもの明太ポテトサラダ,139,150
チルド惣菜,野菜とハムのマカロニサラダ,121,130
チルド惣菜,旨み熟成いか塩辛,195,210
チルド惣菜,炒め！煮含め！筑前煮,239,258
チルド惣菜,枝豆（瀬戸内の藻塩使用）,156,168
チルド惣菜,ココナッツの香りとコクマッサマンカレー,369,398
チルド惣菜,コリコリ食感のミミガー,184,198
チルド惣菜,本場タイで作った！！グリーンカレー,369,398
チルド惣菜,肉の旨みを味わう直火焼やき豚,304,328
チルド惣菜,瀬戸内産レモン風味のスモークタン,212,228
チルド惣菜,青じそ香る豆とひじきのサラダ,128,138
チルド惣菜,鶏唐揚げネギ香味だれ,406,438
チルド惣菜,こりこり食感のおつまみ磯貝,276,298
チルド惣菜,旨みとだしがしみた鶏大根煮,221,238
チルド惣菜,炙りチーズ（4種のブレンドチーズ）,369,398
チルド惣菜,直火焼き和風ハンバーグ,276,298
チルド惣菜,スパイシーチキンナゲット（辛口ソース付）,276,298
チルド惣菜,鶏軟骨から揚げ（塩レモン）,276,298
チルド惣菜,山桜チップで燻したスモークサーモン,350,378
チルド惣菜,鰹節の香りと旨みたけのこの土佐煮,128,138
チルド惣菜,伊豆産茎わさび使用たこわさび,202,218
チルド惣菜,いか七味焼き,278,300
チルド惣菜,やげん軟骨ピリ辛味噌焼き,286,308
チルド惣菜,和風だしの旨塩チキン,239,258
チルド惣菜,鰹節と昆布の旨味味しみ肉豆腐,341,368
チルド惣菜,黒酢たれの大粒肉だんご,202,218
チルド惣菜,ほっけの塩焼き,315,340
チルド惣菜,銀鮭の塩焼き,306,330
チルド惣菜,そのまま美味しい蒸しサラダ豆,119,128
チルド惣菜,国産さば使用さば竜田の甘酢あんかけ,276,298
チルド惣菜,炙りベーコン（粒入マスタード付）,369,398
チルド惣菜,魚醤の旨み直火焼きいか,278,300
チルド惣菜,豚肉の旨みが染みたごろっと肉じゃが,239,258
チルド惣菜,こだわりマヨネーズのたまごサラダ,119,128
チルド惣菜,燻製あらびきウインナー,276,298
チルド惣菜,ぷりぷりっ！海老チリ,297,320
スープ・グラタン・ドリア・お好み焼き,あさりとキムチのスンドゥブスープ,397,428
スープ・グラタン・ドリア・お好み焼き,だし香る！とろーりたこ焼き,380,410
スープ・グラタン・ドリア・お好み焼き,だし香る！大盛とろーりたこ焼き,510,550
スープ・グラタン・ドリア・お好み焼き,4種チーズとベーコンのカルボナーラ風グラタン,491,530
スープ・グラタン・ドリア・お好み焼き,2種チーズと明太ソースの野菜包み焼,436,470
スープ・グラタン・ドリア・お好み焼き,たんぱく質が摂れる！塩ちゃんこ鍋（うどん入り）,554,598
スープ・グラタン・ドリア・お好み焼き,北海道産じゃがいもとベーコンのチーズ焼き,417,450
スープ・グラタン・ドリア・お好み焼き,豆乳仕立ての根菜入りお味噌汁,369,398
スープ・グラタン・ドリア・お好み焼き,北海道産かぼちゃのポタージュ,369,398
スープ・グラタン・ドリア・お好み焼き,トマトクリームラザニア,434,468
スープ・グラタン・ドリア・お好み焼き,お好み焼ねぎ豚肉入り&焼そば,510,550
スープ・グラタン・ドリア・お好み焼き,1/2日分野菜使用辛旨キムチ鍋,554,598
スープ・グラタン・ドリア・お好み焼き,もち明太チーズグラタン,417,450
スープ・グラタン・ドリア・お好み焼き,広島お好み焼肉玉そば,554,598
スープ・グラタン・ドリア・お好み焼き,1/3日分の野菜使用ちゃんぽん風スープ,369,398
スープ・グラタン・ドリア・お好み焼き,ツナとオートミールのリゾット風スープ,369,398
スープ・グラタン・ドリア・お好み焼き,ふっくら食感！豚の旨味が効いたお好み焼,554,598
スープ・グラタン・ドリア・お好み焼き,ごま油が香る！赤味噌仕立ての豚汁,369,398
スープ・グラタン・ドリア・お好み焼き,濃厚ベシャメルソースの5種チーズドリア,434,468
スープ・グラタン・ドリア・お好み焼き,根菜入りつくねの和風スープ,397,428
スープ・グラタン・ドリア・お好み焼き,濃厚ベシャメルソースの海老グラタン,434,468
スープ・グラタン・ドリア・お好み焼き,つるもち餃子の春雨スープ,369,398
スープ・グラタン・ドリア・お好み焼き,ミートソースドリア,297,320
日配品 加工肉 たまご カット野菜 漬物など,北海道産玉ねぎを使ったオニオンミックス,147,158
日配品 加工肉 たまご カット野菜 漬物など,アーモンド入りベビーチーズ,121,130
日配品 加工肉 たまご カット野菜 漬物など,ホークス御用達ヨリトミのグリルチキン（炭火やきとり風味）,212,228
日配品 加工肉 たまご カット野菜 漬物など,うま塩にんにくキャベツ,221,238
日配品 加工肉 たまご カット野菜 漬物など,香味焼焼がに風味,250,270
日配品 加工肉 たまご カット野菜 漬物など,切れてる厚焼玉子4切入,147,158
日配品 加工肉 たまご カット野菜 漬物など,国産鶏のサラダチキンてりやき味,249,268
日配品 加工肉 たまご カット野菜 漬物など,ベビーチーズ,121,130
日配品 加工肉 たまご カット野菜 漬物など,切り落としベーコン,184,198
日配品 加工肉 たまご カット野菜 漬物など,切れてるだし巻玉子4切入,147,158
日配品 加工肉 たまご カット野菜 漬物など,白だしで食べるしめじ白菜漬,202,218
日配品 加工肉 たまご カット野菜 漬物など,皮なしウインナー,110,118
日配品 加工肉 たまご カット野菜 漬物など,半熟くんたま,184,198
日配品 加工肉 たまご カット野菜 漬物など,みそかつおにんにく,202,218
日配品 加工肉 たまご カット野菜 漬物など,胡瓜一本漬,175,188
日配品 加工肉 たまご カット野菜 漬物など,もやし野菜炒めセット,100,108
日配品 加工肉 たまご カット野菜 漬物など,北海道産かぼちゃを使った7品目ミックスサラダ,165,178
日配品 加工肉 たまご カット野菜 漬物など,しっとりやわらかなロース生ハム,149,160
日配品 加工肉 たまご カット野菜 漬物など,生ちくわ,110,118
日配品 加工肉 たまご カット野菜 漬物など,グリルチキン麻辣味,193,208
日配品 加工肉 たまご カット野菜 漬物など,緑黄色野菜を使った8品目ミックスサラダ,165,178
日配品 加工肉 たまご カット野菜 漬物など,3種のぬか漬,202,218
日配品 加工肉 たまご カット野菜 漬物など,胡瓜のおつまみ,212,228
日配品 加工肉 たまご カット野菜 漬物など,千切りキャベツ,100,108
日配品 加工肉 たまご カット野菜 漬物など,ごま油で炒めたやわらか穂先メンマ,128,138
日配品 加工肉 たまご カット野菜 漬物など,緑豆もやし,38,41
日配品 加工肉 たまご カット野菜 漬物など,岩下の新生姜スライス,230,248
日配品 加工肉 たまご カット野菜 漬物など,レタスミックスサラダ,128,138
日配品 加工肉 たまご カット野菜 漬物など,タンスティック3種のチーズ,149,160
日配品 加工肉 たまご カット野菜 漬物など,うどん,139,150
日配品 加工肉 たまご カット野菜 漬物など,彩り野菜ミックス,128,138
日配品 加工肉 たまご カット野菜 漬物など,胡麻だれで食べるとうふそうめん風,195,210
日配品 加工肉 たまご カット野菜 漬物など,めんつゆで食べるとうふそうめん風,195,210
日配品 加工肉 たまご カット野菜 漬物など,おしんこ盛り合わせ,202,218
日配品 加工肉 たまご カット野菜 漬物など,ピリ辛胡瓜,212,228
日配品 加工肉 たまご カット野菜 漬物など,タンスティック瀬戸内レモン,149,160
日配品 加工肉 たまご カット野菜 漬物など,ソース焼きそば,139,150
日配品 加工肉 たまご カット野菜 漬物など,モッツァレラのさけるチーズプレーン,112,120
日配品 加工肉 たまご カット野菜 漬物など,ニラもやし炒めセット,100,108
日配品 加工肉 たまご カット野菜 漬物など,キャベツ野菜炒めセット,100,108
日配品 加工肉 たまご カット野菜 漬物など,おつまみ太ちくわ,147,158
日配品 加工肉 たまご カット野菜 漬物など,4種のチーズ入りおつまみかまぼこ,149,160
日配品 加工肉 たまご カット野菜 漬物など,切り落としサラダチキン淡路島の藻塩,239,258
日配品 加工肉 たまご カット野菜 漬物など,細切りめかぶ,202,218
日配品 加工肉 たまご カット野菜 漬物など,スモークチーズ,195,210
日配品 加工肉 たまご カット野菜 漬物など,梨と魚醤の甘旨白菜キムチ,156,168
日配品 加工肉 たまご カット野菜 漬物など,ひきわり納豆,108,116
日配品 加工肉 たまご カット野菜 漬物など,国産鶏のサラダチキン3種のハーブ&スパイス,249,268
日配品 加工肉 たまご カット野菜 漬物など,瀬戸内海産釜揚げしらす,278,300
日配品 加工肉 たまご カット野菜 漬物など,きゅうりのぷちキューちゃん,158,170
日配品 加工肉 たまご カット野菜 漬物など,キャンディーチーズ,204,220
日配品 加工肉 たまご カット野菜 漬物など,なめらか6Pチーズ,212,228
日配品 加工肉 たまご カット野菜 漬物など,高地栽培バナナパック,212,228
日配品 加工肉 たまご カット野菜 漬物など,高地栽培バナナ1本,110,118
日配品 加工肉 たまご カット野菜 漬物など,紀州産南高梅,100,108
日配品 加工肉 たまご カット野菜 漬物など,国産鶏のサラダチキンタンドリーチキン風,249,268
日配品 加工肉 たまご カット野菜 漬物など,燻製仕上げのロースハム（徳用）,176,190
日配品 加工肉 たまご カット野菜 漬物など,燻製仕上げのロースハム,79,85
日配品 加工肉 たまご カット野菜 漬物など,ハーフベーコン,88,95
日配品 加工肉 たまご カット野菜 漬物など,かに風味かまぼこ,93,100
日配品 加工肉 たまご カット野菜 漬物など,契約栽培大豆使用小粒納豆3個入,83,89
日配品 加工肉 たまご カット野菜 漬物など,国産大豆のきぬごし豆腐2パック,125,135
日配品 加工肉 たまご カット野菜 漬物など,国産鶏ささみスモーク,149,160
日配品 加工肉 たまご カット野菜 漬物など,あらびきウインナー,163,175
日配品 加工肉 たまご カット野菜 漬物など,木綿豆腐3個入,112,120
日配品 加工肉 たまご カット野菜 漬物など,サラダチキンスティックスモーク&ペッパー,139,150
日配品 加工肉 たまご カット野菜 漬物など,サラダチキンバー3種のチーズ,147,158
日配品 加工肉 たまご カット野菜 漬物など,サラダチキンスティックアルペンザルツ岩塩,139,150
日配品 加工肉 たまご カット野菜 漬物など,国産鶏のサラダチキンスモーク,249,268
日配品 加工肉 たまご カット野菜 漬物など,国産鶏のサラダチキン淡路島の藻塩,249,268
日配品 加工肉 たまご カット野菜 漬物など,イタリア産天日塩使用燻製もも生ハム,186,200
日配品 加工肉 たまご カット野菜 漬物など,肩ロース生ハム,112,120
日配品 加工肉 たまご カット野菜 漬物など,グリルチキンブラックペッパー,184,198
日配品 加工肉 たまご カット野菜 漬物など,グリルチキンゆず七味,184,198
日配品 加工肉 たまご カット野菜 漬物など,こんにゃく,119,128
日配品 加工肉 たまご カット野菜 漬物など,しらたき,128,138
日配品 加工肉 たまご カット野菜 漬物など,キャベツミックス,100,108
日配品 加工肉 たまご カット野菜 漬物など,刻み白ねぎ,100,108
日配品 加工肉 たまご カット野菜 漬物など,刻み青ねぎ,100,108
日配品 加工肉 たまご カット野菜 漬物など,海鮮スティック博多明太入りマヨネーズ,128,138
日配品 加工肉 たまご カット野菜 漬物など,コクと旨みのたまご濃厚赤玉6個,230,248
日配品 加工肉 たまご カット野菜 漬物など,契約栽培大豆使用極小粒納豆3個入,83,89
日配品 加工肉 たまご カット野菜 漬物など,コールスロー,100,108
日配品 加工肉 たまご カット野菜 漬物など,国産大豆100%中粒納豆3個入,102,110
日配品 加工肉 たまご カット野菜 漬物など,とろーりやわらか半熟煮たまご2個入,165,178
日配品 加工肉 たまご カット野菜 漬物など,福神漬,93,100
日配品 加工肉 たまご カット野菜 漬物など,半熟ゆでたまご2個入,149,160
日配品 加工肉 たまご カット野菜 漬物など,笹かま,160,172
日配品 加工肉 たまご カット野菜 漬物など,半熟ゆでたまご1個入,82,88
日配品 加工肉 たまご カット野菜 漬物など,温泉たまご1個入,84,90
日配品 加工肉 たまご カット野菜 漬物など,紅しょうが,93,100
日配品 加工肉 たまご カット野菜 漬物など,甘酢らっきょう,93,100
日配品 加工肉 たまご カット野菜 漬物など,和風だし香る茶碗蒸し,185,199
日配品 加工肉 たまご カット野菜 漬物など,紀州産南高梅ほんのり甘口うす塩味80g,298,321
日配品 加工肉 たまご カット野菜 漬物など,国産大豆の木綿豆腐2パック,125,135
日配品 加工肉 たまご カット野菜 漬物など,Premium Highlandバナナ（1本）,149,160
日配品 加工肉 たまご カット野菜 漬物など,手揚げ風油揚げ2枚入,102,110
日配品 加工肉 たまご カット野菜 漬物など,コクと旨みのたまご10個入,239,258
日配品 加工肉 たまご カット野菜 漬物など,コクと旨みのたまご6個入,204,220
地域限定,【東京都】ねぎ味噌おむすび,121,130
地域限定,【東京都】深川めし風弁当,554,598
地域限定,【東京都】あい鴨そば,528,570
地域限定,【東京都】ミルクホイップのデニッシュ（米粉入り）,128,138
地域限定,【東京都】八丈フルーツレモンのティラミス,276,298
地域限定,【東京都・神奈川県の一部】ベーコンとチキンのトーストサンド,369,398
地域限定,【四国地方】ホットサンド（ベーコンとほうれん草のグラタン風）,165,178
地域限定,【東京都・神奈川県の一部】明太子マヨネーズとたくあん,147,158
地域限定,【東京都・神奈川県の一部、東海地方】おむすび&焼そばセット,338,365
地域限定,【東京都・神奈川県の一部】洋風おかずのお弁当,389,420
地域限定,【関東地方限定】トイ・ボックス監修醤油ラーメン,573,618
地域限定,【関東地方限定】三ん寅監修味噌らーめん,573,618
地域限定,【北海道・東北地方・沖縄限定】にとりのけやき監修味噌ラーメン,573,618
地域限定,【北海道・東北地方限定】中華そば処琴平荘監修中華そば,573,618
地域限定,【東海地方・北陸地方限定】麺屋大河監修味噌ラーメン,573,618
地域限定,【東海地方・北陸地方限定】らぁ麺飛鶏監修鶏白湯ラーメン,573,618
地域限定,【関西地方・中国・四国地方限定】井出商店監修中華そば,554,598
地域限定,【関西地方・中国・四国地方限定】中華そば陽気監修醤油豚骨中華そば,554,598
地域限定,【九州地方限定】ぎょらん亭監修とんこつラーメン,554,598
地域限定,【沖縄地方限定】辛みそ通堂ラーメン,556,600
地域限定,【東京都・神奈川県の一部】鶏からマヨ弁当,369,398
地域限定,【東京都・神奈川県の一部】あなご寿司（わさび入り）,172,185
地域限定,【東京都・神奈川県の一部】スーパー大麦野沢菜ちりめん,121,130
地域限定,【東京都・神奈川県の一部】鮭ごま・鶏五目おむすびセット,315,340
地域限定,【東京都・神奈川県の一部】カマンベールと5種チーズのペンネ,399,430
地域限定,【東京都・神奈川県の一部】ふわふわ玉子のミニ旨辛麺,406,438
地域限定,【四国地方】ホットサンド（タルタルチキン2個入）,250,270
ホットスナック・惣菜,焼鳥達人の会監修つくね（みそ風味）,147,158
ホットスナック・惣菜,カルビー監修BIGナゲット（のりしお）,158,170
ホットスナック・惣菜,アメリカンドッグ,110,118
ホットスナック・惣菜,ジャンボフランク,156,168
ホットスナック・惣菜,鶏つくね串,130,140
ホットスナック・惣菜,ハッシュドポテト,100,108
ホットスナック・惣菜,厚切りハムカツ,128,138
ホットスナック・惣菜,ジューシーメンチカツ,128,138
ホットスナック・惣菜,炭火焼きとりもも塩,100,108
ホットスナック・惣菜,ファミから（塩）1個,91,98
ホットスナック・惣菜,ファミから（醤油）1個,91,98
ホットスナック・惣菜,焼鳥達人の会監修つくね（中華風味）,147,158
ホットスナック・惣菜,爆豪の旨辛フランク,184,198
ホットスナック・惣菜,焼鳥達人の会監修つくね（カレー風味）,147,158
ホットスナック・惣菜,海老カツ,184,198
ホットスナック・惣菜,旨塩ガーリックチキンステーキ,204,220
ホットスナック・惣菜,炭火焼きとりハラミタレ,119,128
ホットスナック・惣菜,炭火焼きとりかわ塩,100,108
ホットスナック・惣菜,クリスピーチキン（亀田のカレーせん味）,149,160
ホットスナック・惣菜,北海道十勝産コーンのクリームコロッケ,119,128
ホットスナック・惣菜,クリスピーチキン（ハバネロホット）,149,160
ホットスナック・惣菜,炭火焼きとりかわタレ,100,108
ホットスナック・惣菜,ザクじゃがクリスピーチキン,149,160
ホットスナック・惣菜,照焼チキンステーキ,204,220
ホットスナック・惣菜,炭火焼きとりももタレ,100,108
ホットスナック・惣菜,クリスピーチキン（プレーン）,149,160
ホットスナック・惣菜,ファミコロ（牛肉コロッケ）,82,88
ホットスナック・惣菜,スパイシーチキン,149,160
ホットスナック・惣菜,ファミチキ,184,198
中華まん,炭火焼塩豚カルビまん,204,220
中華まん,CoCo壱番屋監修チーズカレーまん,139,150
中華まん,モスバーガー監修モス テリヤキ肉まん,167,180
中華まん,極旨黒豚まん,184,198
中華まん,北海道産小豆のこしあんまん（ごま風味）,121,130
中華まん,ジューシー本格肉まん,130,140
中華まん,とろ～りチーズの濃厚ピザまん,130,140
中華まん,北海道産大納言小豆のつぶあんまん,121,130
おでん,厚切大根,100,108
おでん,味付たまご,100,108
おでん,結び白滝,100,108
おでん,三角こんにゃく,100,108
おでん,厚揚,100,108
おでん,ごぼう巻,100,108
おでん,ウインナー巻,100,108
おでん,野菜さつま揚,100,108
おでん,はんぺん,100,108
おでん,つゆだくがんも,100,108
おでん,だし巻玉子,100,108
おでん,あらびきウインナー,100,108
おでん,牛すじ串,121,130
おでん,餅入り巾着,100,108
おでん,鶏つくね,100,108
おでん,焼ちくわ,100,108
デザート,生とろプリンキャラメル,158,170
デザート,マロンチーズケーキ,223,240
デザート,イタリア栗のモンブラン,297,320
デザート,僕のヒーローアカデミアまんまる焼き,184,198
デザート,ふわふわケーキオムレットショコラ,230,248
デザート,ファミマ・ザ・クレープチーズ,198,213
デザート,ぜいたく果実和歌山はっさく&ヨーグルト,165,178
デザート,冷やして食べるボンボロー二（チョコホイップ）,139,150
デザート,濃厚&とろけるチーズケーキ4種のチーズ使用,276,298
デザート,くだものを食べる黄金パインゼリー,249,268
デザート,【北日本エリア】ベトナムコーヒー風シュークリーム,147,158
デザート,【東日本エリア】北海道牛乳を100%使ったミルクシュー,147,158
デザート,【中日本エリア】窯出しとろけるプリンみたいなシュークリーム,139,150
デザート,【西日本エリア】チョコ好きによるチョコ好きのためのチョコレートシュー,167,180
デザート,【南九州エリア】マロンマロンシュー,202,218
デザート,【沖縄エリア】ミルクティー味のシュークリーム,184,198
デザート,濃厚ショコラエクレール,181,195
デザート,ダブルクリームサンド（ホイップ&カスタード）,139,150
デザート,北海道産かぼちゃのモンブランプリン,239,258
デザート,濃厚生キャラメルプリン,172,185
デザート,椎名唯華の気ままなコーヒーゼリー,276,298
デザート,クリームたっぷり！濃厚カスタードシュー,128,138
デザート,窯出しとろけるプリン,156,168
デザート,くちどけなめらかかぼちゃプリン,172,185
デザート,かぼちゃチーズケーキ,223,240
デザート,紅はるかのスイートポテトクレープ,297,320
デザート,たっぷりクリームのダブルシュー,147,158
デザート,とろける生チーズケーキ,276,298
デザート,スフレ・プリン,276,298
デザート,窯出しプリンのパフェ,297,320
デザート,生とろプリン,158,170
デザート,天使のチーズケーキ,184,198
デザート,ダブルクリームサンド（生チョコクリーム&ホイップ）,147,158
デザート,なめらか仕立てのカスタードプリン,167,180
デザート,ふわほろエアインチョコサンド（塩キャラメル）,147,158
デザート,ファミマ・ザ・クレープ生チョコ,198,213
デザート,フロランタンチョコケーキ,184,198
デザート,生カヌレケーキ,147,158
デザート,喫茶店のレトロプリン,150,162
デザート,冷やして食べるしっとり食感のバウム,147,158
和菓子,焼栗きんとん,156,168
和菓子,モンブランどらイタリア栗&粒あん,212,228
和菓子,あずきミルククリームたい焼き,130,140
和菓子,みたらし団子2本入,147,158
和菓子,生チョコ餅（4個入）,239,258
和菓子,ひとくちこしあん大福,147,158
和菓子,大納言どら焼（つぶあん）,158,170
和菓子,大きな白玉クリームぜんざい,276,298
和菓子,クリームたい焼きカスタード,130,140
和菓子,つぶあんどら焼,130,140
和菓子,こだわりたまごのふんわりカステラ,119,128
和菓子,たっぷり小豆最中,110,118
和菓子,塩豆大福,130,140
和菓子,ふんわりカステラ,265,286
焼き菓子,栗のフィナンシェ,147,158
焼き菓子,栗のパウンドケーキ,156,168
焼き菓子,栗のロールケーキモンブラン風,149,160
焼き菓子,栗のドーナツマロングラッセ風,112,120
焼き菓子,デクのバウムクーヘン（抹茶味）,230,248
焼き菓子,濃厚ベイクドチーズケーキ,204,220
焼き菓子,ガトーショコラ,230,248
焼き菓子,チョコマドレーヌ,167,180
焼き菓子,ひとくちマドレーヌ,167,180
焼き菓子,ひとくちチョコチャンクスコーン,139,150
焼き菓子,ひとくちフィナンシェ,221,238
焼き菓子,ひとくちバウムクーヘン,167,180
焼き菓子,厚切りチョコケーキ,167,180
焼き菓子,焦がしバターの贅沢フィナンシェ,156,168
焼き菓子,こだわりのフロランタン～フランス産発酵バター使用～,128,138
焼き菓子,こだわりのしっとりバウムクーヘン,147,158
焼き菓子,こだわりのフィナンシェ～フランス産発酵バター使用～,119,128
焼き菓子,こだわりのワッフルフランス産発酵バター使用,128,138
焼き菓子,厚切りパウンドケーキ４種のフルーツ,139,150
焼き菓子,濃厚ミルクドーナツ,93,100
コーヒー・フラッペ,栗ざんまいマロンフラッペ,306,330
コーヒー・フラッペ,ブレンドS,102,110
コーヒー・フラッペ,ブレンド濃いめS,102,110
コーヒー・フラッペ,ブレンドM,167,180
コーヒー・フラッペ,ブレンド濃いめM,167,180
コーヒー・フラッペ,ブレンドL,195,210
コーヒー・フラッペ,高級モカブレンド,130,140
コーヒー・フラッペ,カフェラテM,167,180
コーヒー・フラッペ,カフェラテL,195,210
コーヒー・フラッペ,アイスコーヒーS,102,110
コーヒー・フラッペ,アイスコーヒーM,195,210
コーヒー・フラッペ,アイスコーヒーL,269,290
コーヒー・フラッペ,アイスカフェラテM,195,210
コーヒー・フラッペ,アイスカフェラテL,269,290
コーヒー・フラッペ,ホットミルク,93,100
コーヒー・フラッペ,焼きいもフラッペ,276,298
コーヒー・フラッペ,ゴディバ監修チョコレートフラッペ,399,430
コーヒー・フラッペ,森永ラムネグレープフラッペ,276,298
コーヒー・フラッペ,ウェスティンホテル東京監修豊潤なマンゴーフラッペ,325,350
コーヒー・フラッペ,ストロベリーフラッペ,306,330
コーヒー・フラッペ,カフェフラッペ,276,298
加工食品,まろやかたまご風味春雨スープかきたま,139,150
加工食品,支那そばや監修醤油らぁ麺,221,238
加工食品,コク深味噌春雨スープ味噌ラーメン味,139,150
加工食品,まろやか鶏だし春雨スープ鶏白湯ラーメン味,139,150
加工食品,本格スパイス香る春雨スープ担々麺味,139,150
加工食品,鶏の旨み広がる春雨スープワンタン,139,150
加工食品,寿々㐂家横浜家系豚骨醤油ラーメン,258,278
加工食品,けやき札幌味噌ラーメン,258,278
加工食品,麺屋はなび監修台湾まぜそば,249,268
加工食品,金澤味噌ラーメン神仙監修濃厚味噌ラーメン,221,238
加工食品,三宝亭全とろ麻婆麺,212,228
加工食品,来来亭背脂こってりラーメン,200,216
加工食品,6種の野菜を使用旨辛味噌,184,198
加工食品,生姜香る野菜タンメン大盛,184,198
加工食品,辛だれ豚骨ラーメン大盛,184,198
加工食品,焦がしねぎ香る醤油ラーメン大盛,184,198
加工食品,ソース焼そば,184,198
加工食品,こってり背脂風中華そば,138,149
加工食品,濃口つゆきつねうどん,138,149
加工食品,京風きつねうどん,138,149
加工食品,小海老天ぷらそば（東日本）,138,149
加工食品,札幌濃厚味噌,138,149
加工食品,海鮮ちゃんぽん,138,149
加工食品,小海老天ぷらそば（西日本）,138,149
加工食品,濃厚旨辛担々麺,138,149
加工食品,コク旨博多豚骨,138,149
加工食品,赤だしとうふとわかめ,100,108
加工食品,赤だし長ねぎ,100,108
加工食品,ぷりっとつややかなめこ,138,149
加工食品,旨みのある殻付あさりあさり,128,138
加工食品,とうふとわかめ,96,103
加工食品,わかめスープ,119,128
加工食品,揚げなす,119,128
加工食品,しじみ,138,149
加工食品,おかずとん汁,212,228
加工食品,伊勢志摩あおさ,156,168
加工食品,長ねぎ,100,108
加工食品,有明の海苔,93,100
加工食品,とん汁,147,158
加工食品,7種の野菜の旨みたっぷり野菜,128,138
加工食品,ふわふわたまごのスープ,131,141
加工食品,顆粒みそ汁風味豊かなあおさ,91,98
加工食品,顆粒みそ汁食べ応えある揚げなす,91,98
加工食品,顆粒みそ汁甘みを生かした長ねぎ,91,98
加工食品,顆粒みそ汁なめらか食感とうふ,91,98
加工食品,4種の具材が楽しめるお徳用みそ汁12食入,189,204
加工食品,濃厚贅沢コーンポタージュ,158,170
加工食品,濃厚贅沢じゃがいものポタージュ,158,170
加工食品,シャキッとしたわかめの食感わかめスープ8袋入,323,348
加工食品,コーンの甘みが溶け込むコーンポタージュ8食入,248,267
加工食品,ポテトの旨みが溶け込むポテトポタージュ8食入,248,267
加工食品,おどろき野菜1日分の野菜完熟トマトのミネストローネ,240,259
加工食品,おどろき野菜1日分の野菜完熟トマトのコク旨カレー,240,259
加工食品,だしにこだわった親子丼,249,268
加工食品,10種の具材の中華丼,249,268
加工食品,こだわりのたれの牛丼,249,268
加工食品,ハーブとココナッツミルクの濃厚な味グリーンカレー,239,258
加工食品,やわらかな牛肉の味わい欧風ビーフカレー,184,198
加工食品,ビーフカレー甘口,115,124
加工食品,ビーフカレー中辛,115,124
加工食品,ビーフカレー辛口,115,124
加工食品,キーマカレー,184,198
加工食品,バターチキンカレー,212,228
加工食品,じっくり煮込んだ肉の旨みミートソース,119,128
加工食品,旨みあふれるベーコンのクリーミーカルボナーラ,158,170
加工食品,ガーリックの豊かな香りペペロンチーニ,158,170
加工食品,たらこの旨みとほんのりバターの風味生風味たらこ,158,170
加工食品,煎りごまブレンドすりごま,93,100
加工食品,枕崎製造かつお節使用かつおパック6袋入,138,148
加工食品,焼のり3切30枚,297,320
加工食品,味付のり10切60枚,276,298
加工食品,旨味のきいてる塩こんぶ,188,203
加工食品,香ばしい風味いりごま,93,100
加工食品,シャキッとおいしいカットわかめ,278,300
加工食品,片栗粉,122,131
加工食品,サクサク食感ソフトパン粉,107,115
加工食品,生きりもち400G,288,311
加工食品,国内産コシヒカリごはん180G,100,108
加工食品,国内産コシヒカリごはん180G3食パック,286,308
加工食品,国内産コシヒカリごはん180G5食パック,448,483
加工食品,小盛りごはん130G,91,98
加工食品,のどごしなめらかなそば,193,208
加工食品,つるっとなめらかそうめん,175,188
加工食品,コシを楽しむうどん,175,188
加工食品,デュラム小麦セモリナ100%スパゲティ1.6mm,149,160
加工食品,まぐろ油漬フレークライトツナ3P,286,308
加工食品,国産いわしの水煮,149,160
加工食品,国産いわしの味噌煮,149,160
加工食品,国産いわしの煮付,149,160
加工食品,国産さんまの蒲焼,213,230
加工食品,国産さばの水煮,186,200
加工食品,国産さばの味噌煮,186,200
加工食品,焦がし醤油炭火やきとりタレ,175,188
加工食品,瀬戸内の藻塩炭火やきとりしお,175,188
加工食品,北海道産焼鮭あらほぐし,348,375
加工食品,甘さひかえめいちご,188,203
加工食品,甘さひかえめブルーベリー,218,235
加工食品,甘さひかえめマーマレード,188,203
加工食品,4種のフルーツ入りフルーツグラノーラ,369,398
加工食品,1日の1/2量のカルシウムがとれるコーンフレーク フロスト,184,198
加工食品,1日の1/2量のカルシウムがとれるコーンフレーク チョコ,184,198
加工食品,純粋レンゲはちみつ,324,349
加工食品,焙煎胡麻ドレッシング,288,310
加工食品,和風玉ねぎドレッシング,288,310
加工食品,シーザーサラダドレッシング,288,310
加工食品,塩チョレギサラダドレッシング,288,310
加工食品,中濃ソース,138,149
加工食品,だしつゆ,186,200
加工食品,純米料理酒,202,218
加工食品,ウスターソース,138,149
加工食品,とんかつソース,138,149
加工食品,枕崎産かつお節使用そばつゆ,168,181
加工食品,焼肉のたれ,218,235
加工食品,本醸造こいくち醤油,149,160
加工食品,完熟トマトケチャップ,149,160
加工食品,一番搾りキャノーラ油,378,408
加工食品,エクストラバージンオリーブオイル,338,365
加工食品,一番搾り純正ごま油,289,312
加工食品,焦がし醤油が香る焼豚炒飯の素,91,98
加工食品,香り引き立つ生しょうが,128,138
加工食品,粗おろし食感生にんにく,128,138
加工食品,鮮烈な風味本わさび,128,138
加工食品,豊かな風味ねりからし,128,138
加工食品,まろやかマヨネーズ,232,250
加工食品,削り節の旨みかつおふりかけ,96,103
加工食品,味付け塩こしょう,141,152
加工食品,3種の合わせ味噌,237,255
加工食品,パルメザンチーズ,462,498
加工食品,豊かな香りオリジナルブレンド,545,588
加工食品,甘く芳醇な香りモカブレンド,545,588
加工食品,深煎りコーヒーのカフェオレビター,193,208
加工食品,ホッとする甘さカフェオレカロリーハーフ,193,208
加工食品,まろやかな味わいドリップコーヒーマイルドブレンド,237,255
加工食品,豊かな香りドリップコーヒーオリジナルブレンド,237,255
加工食品,濃厚で深い味わいオーガニックコーヒー,448,483
加工食品,香り高い贅沢な味わいドリップコーヒーブルマンブレンド,406,438
加工食品,香りを楽しむインスタントコーヒー,276,298
加工食品,インスタントコーヒー,397,428
加工食品,ミルクリッチなカフェオレ,189,204
加工食品,スティックシュガー,100,108
加工食品,シュガーシロップポーション,119,128
加工食品,クリーミーポーション,103,111
加工食品,国産大麦の香ばしさ麦茶ティーバッグ,158,170
加工食品,香り豊かな宇治抹茶入り緑茶,249,268
加工食品,じっくり焙じた一番茶入りほうじ茶,249,268
加工食品,濃厚で贅沢な味わいミルクココア,198,213
加工食品,麺屋極鶏鶏だく,221,238
加工食品,茶葉の香りと濃厚ミルクのロイヤルミルクティー,193,208
加工食品,低温製法米国産コシヒカリ,875,945
加工食品,キムチ鍋つゆ,184,198
加工食品,寄せ鍋つゆ,184,198
加工食品,国産コシヒカリ無洗米,925,999
お菓子,バニラクリームサンドクラッカー,121,130
お菓子,森永ハイチュウチョコボール・キャラメル味いちご味,137,147
お菓子,森永チョコボールハイチュウグレープ味,180,194
お菓子,珈琲クリームサンドクラッカー,121,130
お菓子,2重のおいしさ！ピスタチオinピスタチオチョコ,184,198
お菓子,しっとり食感のご褒美ソフトチョコクッキー,156,168
お菓子,ココアパウダーで仕上げたご褒美濃厚ティラミスチョコ,184,198
お菓子,しっとり食感ガトーショコラ風チョコ,128,138
お菓子,カリッと香ばしいアーモンドチョコレート,184,198
お菓子,コク深い味わいマカダミアナッツチョコレート,184,198
お菓子,濃厚な味わいピスタチオチョコレート,184,198
お菓子,アーモンド、ヘーゼルナッツ使用2種ナッツのクランチチョコ,184,198
お菓子,スッキリとした苦味珈琲ビーンズチョコレート,184,198
お菓子,香ばしい味わいくるみチョコレート,184,198
お菓子,バナナチップチョコ,138,149
お菓子,8種類のおいしさチョコレートアソート,249,268
お菓子,ひとくちサイズのミルクチョコレート,249,268
お菓子,ひとくちサイズのチョコチップクッキー,100,108
お菓子,チョコを味わうコーンチョコ,100,108
お菓子,深煎りピーナッツのピーナッツチョコ,100,108
お菓子,なめらかプリンチョコ,128,138
お菓子,かわいいチョコビスケットのさくさくぱんだ,110,118
お菓子,サクッと軽く香ばしい麦チョコ,100,108
お菓子,なめらかなチョコを味わうチョコビスケット,100,108
お菓子,２種のカカオをブレンドしたチョコフレーク,100,108
お菓子,サクッと香ばしい小さなチョコの木,100,108
お菓子,サクサクとろけるしみチョココーン,100,108
お菓子,発酵バター香るどうぶつビスケット,119,128
お菓子,香ばしアーモンド仕立てご褒美キャラメルポップコーン,156,168
お菓子,ひとくちサイズのノアールミニ,100,108
お菓子,バターの芳醇な香りご褒美バターパイ,156,168
お菓子,至福のザクザク食感ご褒美ミルフィーユ,156,168
お菓子,アレンジいろいろふわもちマシュマロ,100,108
お菓子,ミルクとココアのミニクッキー,100,108
お菓子,ちいさなオールレーズン,110,118
お菓子,サクサク食感のプレーンビスケット,100,108
お菓子,6種類のおいしさビスケット&ケーキアソート,276,298
お菓子,ミニルマンド,100,108
お菓子,ごまの風味が香ばしいミニアスパラガス,100,108
お菓子,しっとり食感のひとくちカステラ,100,108
お菓子,まろやかミニバタークッキー,100,108
お菓子,まるでホルモンスナックにんにく塩だれ味,100,108
お菓子,ポテトチップス贅沢トリュフ塩味,128,138
お菓子,ポリポリ食感とりあえず枝豆スナック,100,108
お菓子,ドラゴンポテトしおバター味,100,108
お菓子,スコーンやみつきバーベキュー,100,108
お菓子,ベビースタードデカイラーメンチキン味,100,108
お菓子,サクサクか～るいカレースナック,100,108
お菓子,サクサク厚切りポテト塩とごま油味,198,213
お菓子,堅揚げのポテトチップス絶品うすしお味,128,138
お菓子,えんどう豆スナック濃厚ガーリックバター味,100,108
お菓子,ポテトチップスはちみつバター味,100,108
お菓子,とんがりcornあっさり塩,100,108
お菓子,ポップコーン濃厚キャラメル味,138,149
お菓子,厚切りポテトチップスサワークリームオニオン味,128,138
お菓子,スナックコンボステーキ&ペッパー味,198,213
お菓子,トルティーヤチップススパイシータコス味,100,108
お菓子,か～るいチーズスナック,100,108
お菓子,じゃがスティックあっさりうま塩味,100,108
お菓子,とろける食感のキャラメルコーン,100,108
お菓子,ポリンキー濃いめんたい味,100,108
お菓子,オー・ザックコク旨バーベキュー味,100,108
お菓子,ポテトチップス濃厚コンソメ味,100,108
お菓子,サッポロポテトバーベQあじ,100,108
お菓子,えんどう豆100%使用えんどう豆スナック,100,108
お菓子,スーパーおっとっとうすしお味,100,108
お菓子,ベビースターラーメン丸香ばしチキン味,100,108
お菓子,なげわうま塩味,100,108
お菓子,波型厚切りポテトチップスうましお味,198,213
お菓子,波型厚切りポテトチップスのりしお味,198,213
お菓子,ポテトチップス絶品うすしお味,100,108
お菓子,天然えびをたっぷり使用リッチかっぱえびせん,100,108
お菓子,コーンスナックコーンポタージュ味,100,108
お菓子,山芳白猫プロジェクトチップス2,220,242
お菓子,こだわりのしっとりカレーせん,119,128
お菓子,こだわりの手割り醤油せん,119,128
お菓子,こだわりのうに揚げせん,119,128
お菓子,こだわりの黒豆おかき,119,128
お菓子,こだわりのあられ塩味,119,128
お菓子,こだわりのあられ醤油味,119,128
お菓子,こだわりの揚げ餅塩味,119,128
お菓子,ばかうけ濃厚4種のチーズ味,100,108
お菓子,豊かな海鮮の旨み7種の海鮮ミックス,100,108
お菓子,沖縄の塩シママース使用ソフト塩せんべい,110,118
お菓子,サクッとおいしい玄米おこげせん,100,108
お菓子,海老の風味豊かなえび満月,100,108
お菓子,みりんの旨み濃厚えび大判焼き,100,108
お菓子,直火で焼き上げた胡麻せんべい,100,108
お菓子,濃厚な海老の風味ふわっと揚げ,100,108
お菓子,スパイシーでコク深い濃厚カレーせん,100,108
お菓子,二度焼き醤油せんべい,100,108
お菓子,昔ながらのおいしさひとくち歌舞伎揚,100,108
お菓子,うす焼せんべいあっさり塩味,100,108
お菓子,ひとくちサイズのおにぎりせんべい,100,108
お菓子,みりん醤油風味パリパリいかせん,100,108
お菓子,吉村甘露堂海苔巻おかき,184,198
お菓子,やみつきになる種ぬき干し梅,147,158
お菓子,伯方の塩仕立て三陸産茎わかめ大袋,297,320
お菓子,カリッと食感のバナナチップス,184,198
お菓子,素材のおいしさそのまま瀬戸内レモンピール,167,180
お菓子,すっきりとした酸味ひとくちカリカリ梅,147,158
お菓子,完熟ドライみかん,167,180
お菓子,完熟ドライマンゴー,167,180
お菓子,完熟ドライパイナップル,167,180
お菓子,北海道産昆布を使用おしゃぶり昆布紀州梅,128,138
お菓子,紀州南高梅の梅酢仕立て三陸産茎わかめ,147,158
お菓子,まろやかな酸味ひとくちカリカリ梅,147,158
お菓子,5種のナッツ&フルーツ,158,170
お菓子,種ぬきはちみつ干し梅,147,158
お菓子,コリコリとした食感のいかなんこつ,298,321
お菓子,ちぎって旨いのしいか,350,378
お菓子,あとひく辛さカラマヨイーカミニ,110,118
お菓子,かぶりつきカルパスプレーン,96,103
お菓子,かぶりつきカルパス辛口,96,103
お菓子,素材の旨み皮つきさきいか大袋,298,321
お菓子,一口サイズのやわらかイカフライ,298,321
お菓子,素材の風味を活かした炙りいかそうめん大袋,298,321
お菓子,ピリ辛が後を引く焼きかまぼこ大袋,298,321
お菓子,スパイシーなビーフジャーキー,128,138
お菓子,素材の旨みを凝縮皮つき鮭とば,378,408
お菓子,ごま油の風味豊かないか天&のり天,100,108
お菓子,かむほど旨いあたりめ,128,138
お菓子,かむほど旨い焼きするめげそ,128,138
お菓子,ピリッと辛いあらびきスライスサラミ,380,410
お菓子,香ばしく焼き上げたきあたりめ,298,321
お菓子,ふんわり食べやすいソフトさきいか,288,311
お菓子,やわらか身厚の燻製さきいか,128,138
お菓子,黒胡椒が香るビーフジャーキー,378,408
お菓子,素材の風味を活かした炙りいかそうめん,128,138
お菓子,ピリ辛醤油味焼きするめ,147,158
お菓子,香ばしい焼貝ひも,128,138
お菓子,ピリ辛が後を引く焼きかまぼこ,100,108
お菓子,桜チップで薫製したうずらたまご,232,250
お菓子,サクッとした食感おつまみイカフライ,100,108
お菓子,唐辛子と花椒が香る麻辣柿ピー,128,138
お菓子,シビれる辛さがクセになる麻辣花生,128,138
お菓子,こんがり揚げたカリッとぎんなん,167,180
お菓子,6種の味わいミックスナッツ,297,320
お菓子,スッパイマン梅たま,178,192
お菓子,白トリュフミックスナッツ,332,358
お菓子,燻製ミックスナッツ,332,358
お菓子,ツンとした辛さがクセになるわさび柿ピー,128,138
お菓子,塩と油を使っていない4種の素焼きミックスナッツ,297,320
お菓子,人気のナッツをセレクトミックスナッツ,297,320
お菓子,瀬戸内海産小魚を使用アーモンド小魚,119,128
お菓子,風味豊かなカシューナッツ,323,348
お菓子,カリッと香ばしいバタピー,128,138
お菓子,2種の醤油で仕上げたあとひき柿ピー,128,138
お菓子,カリッとローストピスタチオ,360,388
お菓子,カリッとした食感の四川風麻婆茄子,147,158
お菓子,ウマさと辛さがクセになる超暴君ハバネロ,100,108
お菓子,こんがり揚げたカリッとにんにく,147,158
お菓子,とまらない辛うまさやみつきラー油えびせん,139,150
お菓子,贅沢にチョコがかかったじゃがチョコミニ,147,158
お菓子,パインタイヤアメ,165,178
お菓子,洋酒香るガトーレーズン,176,190
お菓子,ポテトチップスULTRAGARLIC,175,189
お菓子,亀田ハッピーターンガーリック香る濃厚バター味,119,128
お菓子,森永ハイチュウライフガード味,149,160
お菓子,堅揚げのポテトチップス濃いうまチーズ味,128,138
お菓子,塩と油を使っていないカリフォルニア産素焼きアーモンド,278,300
お菓子,カルビーポテトチップスファミチキ味,156,168
お菓子,国産紅はるかのとろあま干し芋,230,248
お菓子,一度食べたらクセになる濃厚ペッパーアーモンド,184,198
お菓子,パスタスナックやみつきチーズ味,139,150
お菓子,やみつきな美味しさ燻製ビーフジャーキー,378,408
お菓子,UHA味覚糖キャンディフレンズBT21 minini,276,298
お菓子,有機栽培の恵み天津甘栗,128,138
お菓子,チョコがたっぷり入ったチョコシュー,110,118
お菓子,8種類のおいしさ和菓子ミックス,295,318
お菓子,亀田技のこだ割り梅味,140,151
お菓子,風味が豊かなチーズ鱈(R)大袋,332,358
お菓子,風味が豊かなチーズ鱈(R),147,158
お菓子,人気4種のおつまみアソート,397,428
お菓子,チョコマシュマロ,110,118
お菓子,肉の旨みがクセになるジャッキーカルパス,323,348
お菓子,こんがり香ばしい焼きえいひれ,239,258
お菓子,ひとくちサイズの練乳はちみつドーナツ,110,118
飲料,クリーミーマロンオレ,184,198
飲料,東京ばな奈バナナミルク,241,260
飲料,たんぱく質15g濃厚ヨーグルトストロベリー味,184,198
飲料,新潟県津南の天然水370ml,82,88
飲料,新潟県津南の天然水600ml,91,98
飲料,宮崎県霧島の天然水600ml,91,98
飲料,宮崎県霧島の天然水1020ml,138,148
飲料,宮崎県霧島の天然水2000ml,98,105
飲料,長野県安曇野の天然水2000ml,98,105
飲料,強炭酸水1000ml,100,108
飲料,ウィルキンソンタンサン580ml,103,111
飲料,ウィルキンソンタンサンレモン580ml,103,111
飲料,ウィルキンソン タンサン エクストラ ピンクグレープフルーツ490ml,108,116
飲料,ウィルキンソンタンサンエクストラレモン490ml,108,116
飲料,ペプシコーラ600ml,120,129
飲料,Afternoon Tea監修アールグレイティー無糖480ml,110,118
飲料,Afternoon Tea監修アールグレイラテ480ml,128,138
飲料,Afternoon Tea監修ルイボスティー480ml,110,118
飲料,Afternoon Tea監修シャルドネ香るストレートティー600ml,93,100
飲料,炒りたての香り玄米茶600ml,93,100
飲料,香り華やか台湾烏龍茶600ml,93,100
飲料,ひろがる芳醇ジャスミン茶600ml,93,100
飲料,Afternoon Tea監修アールグレイティー無糖600ml,93,100
飲料,Afternoon Tea監修ルイボスティー600ml,93,100
飲料,さんぴん茶600ml,93,100
飲料,にごりの旨み緑茶600ml,93,100
飲料,香ばしいコク麦茶600ml,93,100
飲料,Afternoon Tea監修アールグレイティー無糖950ml,130,140
飲料,香り華やか台湾烏龍茶1000ml,130,140
飲料,ひろがる芳醇ジャスミン茶1L,130,140
飲料,さんぴん茶900ml,130,140
飲料,爽やかな香り緑茶1L,130,140
飲料,香ばしいコク麦茶1L,130,140
飲料,さんぴん茶2L,166,179
飲料,最上級茶葉使用ルイボスティー1000ml,108,116
飲料,香り華やぐジャスミン茶1000ml,108,116
飲料,国産茶葉・玉露入り緑茶1000ml,108,116
飲料,六条大麦・二条大麦麦茶1000ml,108,116
飲料,紅茶花伝ころころ果実のフルーツティー,230,248
飲料,紅茶花伝紅茶ゼリー入りミルクティー,230,248
飲料,ホット 伊右衛門カフェ ジャスミンティーラテ500ml,148,159
飲料,ホット 伊右衛門 ジャスミン500ml,128,138
飲料,伊右衛門カフェジャスミンティーラテ500ml,148,159
飲料,綾鷹抹茶グリーンティー370ml,156,168
飲料,のむヨーグルトぶどう&アロエ,128,138
飲料,のむヨーグルトプレーン,119,128
飲料,のむヨーグルトブルーベリー,128,138
飲料,のむヨーグルトいちご,128,138
飲料,のむヨーグルトクリーミープレーン,172,185
飲料,ティーラテ,138,149
飲料,タピオカミルクティー,221,238
飲料,のむヨーグルト900g,202,218
飲料,ファミマの牛乳500ml,137,147
飲料,ファミマの牛乳1000ml,193,208
飲料,ファミマの牛乳946ml,276,298
飲料,ファミマの牛乳473ml,160,172
飲料,ファミマの牛乳180ml,74,79
飲料,たんぱく質15g濃厚ヨーグルトバニラ,184,198
飲料,綾鷹わらび餅入り抹茶ラテ,230,248
飲料,スターバックスメルティキャラメルブリュレwithコーヒージェリー,230,248
飲料,ごろごろ果肉バナナミルク,239,258
飲料,やすらぐ香りのホットゆずレモン350ml,119,128
飲料,国産果実のフルーツミックス500ml,93,100
飲料,レモンまるごとホットレモン350ml,119,128
飲料,果汁100%オレンジ1000ml,165,178
飲料,果汁100%アップル1000ml,165,178
飲料,ザク切りミックスフルーツ&ミルク,267,288
飲料,メロンミルク,239,258
飲料,いちごミルク,230,248
飲料,スクイーズスクイーズグレープフルーツ,212,228
飲料,スクイーズスクイーズオレンジ,212,228
飲料,カフェラテ砂糖不使用,149,160
飲料,カフェラテビター,149,160
飲料,カフェラテレギュラー,149,160
飲料,カフェラテ深炒り焙煎,202,218
飲料,ブラックコーヒー,110,118
飲料,深炒りコーヒー無糖900ml,138,149
飲料,FAMILY’S BOSSクラシックブレンドラテ450ml,128,138
飲料,FAMILY’S BOSSクラシックブレンドブラック450ml,119,128
飲料,FAMILY’S BOSSザ・エスプレッソオリジナルブレンド185g,93,100
飲料,FAMILY’S BOSSザ・エスプレッソブラック185g,93,100
飲料,FAMILY’S BOSSザ・エスプレッソブラック275g,110,118
飲料,FAMILY’S BOSSザ・エスプレッソブラック390g,119,128
飲料,FAMILY’S BOSSザ・エスプレッソ微糖185g,93,100
飲料,FAMILY’S BOSSザ・エスプレッソ微糖260g,110,118
飲料,FAMILY’S BOSSザ・エスプレッソ微糖370g,119,128
飲料,無糖ブラックコーヒー,238,257
飲料,豆乳バナナゼリー,191,206
飲料,クラッシュタイプの蒟蒻畑和柑橘ミックス味,160,172
飲料,ラテブリューコーヒーマイルドスイート,212,228
飲料,ラテブリューコーヒーノンスイート,212,228
お酒,芋焼酎25°パック1800ml,1310,1441
お酒,芋焼酎25°パック900ml,828,910
お酒,グランドタイム6缶350ml,619,680
お酒,グランドタイム350ml,117,128
お酒,グランドタイム500ml,160,175
お酒,グランドタイム糖質70%オフ350ml,117,128
お酒,グランドタイム糖質70%オフ500ml,160,175
お酒,グランドタイム6缶500ml,891,980
お酒,グランドタイム糖質70%オフ6缶350ml,619,680
お酒,グランドタイム糖質70%オフ6缶500ml,891,980
お酒,スーパーチューハイレモン350ml,100,110
お酒,スーパーチューハイレモン500ml,142,156
お酒,スーパーチューハイグレープフルーツ350ml,100,110
お酒,スーパーチューハイグレープフルーツ500ml,142,156
お酒,スーパーチューハイ無糖レモン350ml,100,110
お酒,スーパーチューハイ無糖レモン500ml,142,156
お酒,宝焼酎の緑茶割り335ml,154,169
お酒,宝焼酎の緑茶割り480ml,210,231
お酒,カリフォルネカベルネ・ソーヴィニヨン750ml,671,738
お酒,カリフォルネシャルドネ750ml,671,738
お酒,ドンロメロカヴァロゼ375ml,708,778
お酒,バルパラレッドペットボトル,408,448
お酒,バルパラホワイトペットボトル,408,448
お酒,ステラパルヴス500ml,771,848
お酒,メルシャンシャトー・メルシャン萌黄500ml,1080,1188
お酒,北海道ワインおたるナイヤガラ500ml,882,970
お酒,アサヒビールサンタ・ヘレナ・アルパカ・カベルネ・メルロー187ml,226,248
お酒,アサヒビールサンタヘレナ・アルパカ・シャルドネ・セミヨン187ml,226,248
お酒,メルシャンカッシェロ・デル・ディアブロインテンスレッド,1388,1526
お酒,メルシャンファミーゴスパークリング,499,548
お酒,メルシャンシャトーメルシャン藍茜,1080,1188
お酒,メルシャンファミーゴカルメネール&カベルネ・ソーヴィニヨン,544,598
お酒,プレミアムレインボーロリキート赤,891,980
お酒,ドメーヌ・アラン・ブリュモンル・プティ・アルブージェ,980,1078
お酒,シトランボルドー,1346,1480
お酒,アラス・トレキャンティ・リゼルヴァDOCG,990,1089
お酒,シャトー・デュ・ラゴン,726,798
お酒,コノスルマルベックリミテッド・エディション,800,880
お酒,メルシャンファミーゴシャルドネ&ペドロ・ヒメネス750ml,544,598
お酒,メルシャンファミーゴカベルネ・ソーヴィニヨン&シラーズ750ml,544,598
お酒,酸化防止剤無添加赤ワイン1500ml,691,760
お酒,デスパーニュ赤,1108,1218
お酒,デスパーニュ白,1108,1218
お酒,酸化防止剤無添加赤ワイン720ml,437,480
お酒,フェスティバルペットボトル赤,378,415
お酒,フェスティバル白ワイン720ml,378,415
お酒,シャンテールスパークリングブラン280ml,271,298
お酒,シャンテールスパークリングロゼ280ml,271,298
お酒,シャンテールスパークリングスウィート＜ピーチ＞280ml,271,298
お酒,中埜酒造みかんのお酒プレミアム300ml,500,550
お酒,中埜酒造ぶどうのお酒プレミアム300ml,500,550
お酒,南高梅梅酒パック,758,833
お酒,上撰辛口鬼ころし900ml,419,460
お酒,上撰辛口鬼ころし1800ml,718,789
お酒,純米酒パック900ml,536,589
お酒,純米酒パック1800ml,891,980
お酒,六甲山麓辛口鬼ころし180ml,91,100
お酒,六甲山麓鬼ころししぼりたて180ml,91,100
お酒,一ノ蔵辛口本醸造720ml,890,979
お酒,立山酒造純米吟醸立山720ML,1096,1205
お酒,日本盛サケボトルしぼりたて大吟醸200ml,276,303
お酒,浦霞純米酒300ml,540,594
お酒,朝日山純米酒720ml,1110,1221
お酒,焼酎20°カップ,148,162
お酒,焼酎処25°2.7L,1190,1309
お酒,焼酎処20°2.7L,1028,1130
お酒,麦のやすらぎ25°麦,918,1009
お酒,焼酎処20°4L,1545,1699
お酒,上品な甘みとコク本みりん,228,250
お酒,麦焼酎25°パック1800ml,1028,1130
お酒,麦焼酎25°パック900ml,698,767
お酒,朝日山純米吟醸300ml,544,598
お酒,ULTRAHIGHBALL350ml,228,250
お酒,隼天 700ml,980,1078
お酒,サッポロビアサプライズ至福のコク500ml,260,286
お酒,サントリー-196℃オレンジパンチ500ml,192,211
お酒,サントリー-196℃オレンジパンチ350ml,141,155
お酒,サッポロビアサプライズ至福のコク350ml,200,219
お酒,焼酎25°カップ,168,184
お酒,スモーキーハイボール350ml,144,158
お酒,スモーキーハイボール500ml,190,208
お酒,焼酎処25°4L,1665,1831
お酒,タヴェルネッロピッコロロッソ250ml,280,308
お酒,タヴェルネッロピッコロビアンコ250ml,280,308
お酒,ロスヴァスコスカベルネソーヴィニヨン500ml,962,1058
お酒,ロスヴァスコスソーヴィニヨンブラン500ml,962,1058
お酒,酸化防止剤無添加白ワイン720ml,437,480
お酒,芋のやすらぎ25°芋,928,1020
お酒,クルールドシュッドカベルネ375ml,528,580
お酒,クルールドシュッドシャルドネ375ml,528,580
冷凍食品,このまま使える乱切り揚げなす,119,128
冷凍食品,このまま使えるきざみオクラ,119,128
冷凍食品,バターミルクのコクホットビスケット,297,320
冷凍食品,1/3日分の野菜が摂れる！五目あんかけ焼そば,369,398
冷凍食品,コシにこだわり！うどん2食,128,138
冷凍食品,たっぷり魚粉の濃厚だれもちっと極太つけ麺,249,268
冷凍食品,もちもち麺と濃厚だれの汁なし担々麺,230,248
冷凍食品,麺屋こころ監修台湾まぜそば,276,298
冷凍食品,贅沢に胡麻香る担々麺,288,311
冷凍食品,コク深い味わいの濃厚具付き味噌ラーメン,198,213
冷凍食品,後引く旨さのコク旨具付き中華そば,198,213
冷凍食品,旨み広がるふっくら生地の海鮮お好み焼,258,278
冷凍食品,あおさ香るふんわりたこ焼,249,268
冷凍食品,ねぎ油で仕上げた直火炒め炒飯,230,248
冷凍食品,ゴロっとチャーシューの極うま炒飯,297,320
冷凍食品,2つの美味しさデミオムライス&ナポリタン,369,398
冷凍食品,焦がし醤油の焼きおにぎり,158,170
冷凍食品,ＸＯ醤香る五目炒飯,139,150
冷凍食品,海老の旨み！！えびピラフ,139,150
冷凍食品,肉うま！ビーフガーリックピラフ,278,300
冷凍食品,丸大豆醤油香る3種きのこのパスタ,276,298
冷凍食品,3種チーズと北海道産生クリームのカルボナーラ,276,298
冷凍食品,チーズのコクが効いた香ばしナポリタン,276,298
冷凍食品,牛肉と香味野菜のソースが絡むミートソース,276,298
冷凍食品,バジル香るダブルミートピザ,304,328
冷凍食品,お店の美味しさそのままラケルパン,156,168
冷凍食品,サクッと衣！じゅわ旨メンチカツ,213,230
冷凍食品,きのこ入り野菜とチキンのアヒージョ風,323,348
冷凍食品,生姜の香り豊かな豚の生姜焼き,276,298
冷凍食品,焼いてる！こてっちゃんにんにく塩味,276,298
冷凍食品,チーズと食べる！辛旨タッカルビ,306,330
冷凍食品,焼いてる！こてっちゃんコク味噌味,276,298
冷凍食品,こだわりコクだれで味わう牛カルビ焼き,297,320
冷凍食品,アルペンザルツ岩塩の旨み厚切り豚バラ焼き,258,278
冷凍食品,特製塩だれのおつまみ牛たん,397,428
冷凍食品,なんこつたっぷり！直火焼つくね,267,288
冷凍食品,５種の彩り野菜若鶏と野菜の黒酢あん,369,398
冷凍食品,かつお香る厚揚げとゴーヤチャンプルー ,350,378
冷凍食品,ジュワッと旨い若鶏の唐揚げ,202,218
冷凍食品,特製甘酢だれのたれづけ唐揚げ,223,240
冷凍食品,サクじゅわ竜田揚げ,246,265
冷凍食品,バターの香り広がるとろける海老グラタン,278,300
冷凍食品,豚肉たっぷり肉汁じゅわっと本格肉焼売,276,298
冷凍食品,野菜の旨み味わう焼餃子,149,160
冷凍食品,肉の旨み味わう黒豚大餃子,304,328
冷凍食品,風味豊かな海老焼売,202,218
冷凍食品,北海道産じゃがいものフライドポテト,128,138
冷凍食品,レンジで手軽に塩味枝豆,100,108
冷凍食品,このまま使える乱切りさといも,100,108
冷凍食品,お芋やさんが作ったカリホク大学いも,184,198
冷凍食品,バター香るほうれん草ベーコン,230,248
冷凍食品,ドール完熟マンゴー,186,200
冷凍食品,このまま使えるブロッコリー,128,138
冷凍食品,ふんわり玉子と豚肉ときくらげの炒め物,366,395
冷凍食品,このまま使えるスーパースイートコーン,119,128
冷凍食品,このまま使えるきざみねぎ,119,128
冷凍食品,このまま使えるカットほうれん草,128,138
冷凍食品,濃厚クリーミー窯焼きカタラーナ,313,338
冷凍食品,とろけて美味しいガトーフロマージュ,360,388
冷凍食品,1/2日分の彩り野菜が入ったちゃんぽん,554,598
冷凍食品,牛肉の旨み溶け込む牛すき焼き鍋（うどん入り）,556,600
冷凍食品,和風だしの旨み牛肉カレーうどん,554,598
冷凍食品,炭火焼きで香ばしい焼き鳥,304,328
冷凍食品,だしが決め手鍋焼うどん,426,460
冷凍食品,コチュジャン風味のピリ辛肉味噌ビビンバ,389,420
冷凍食品,直火炒めの牛カルビめし,301,325
冷凍食品,鶏ガラと生姜を使った特製ダレのレバニラ,369,398
冷凍食品,オイスターソースの旨みチンジャオロース,378,408
冷凍食品,さっぽろ純連監修チャーハン,276,298
冷凍食品,ダブルソースの香ばしソース焼きそば,255,275
冷凍食品,8品目具材の中華丼,426,460
冷凍食品,特製スパイス仕立て欧風チーズカレー（中辛）,323,348
アイスクリーム類 氷菓 氷,赤城たべる牧場モンブラン,221,238
アイスクリーム類 氷菓 氷,ロッテザクザクチョコバー栗,165,178
アイスクリーム類 氷菓 氷,轟のベリーチーズシューアイス,167,180
アイスクリーム類 氷菓 氷,ロッテトルコ風アイスバニラ復刻版,147,158
アイスクリーム類 氷菓 氷,ハーゲンダッツベリーベリーチーズタルト,295,318
アイスクリーム類 氷菓 氷,丸永製菓あいすまんじゅうスイートポテト,167,180
アイスクリーム類 氷菓 氷,竹下製菓ベビースターラーメンプチチョコアイス,170,183
アイスクリーム類 氷菓 氷,アンデイコめっちゃずんだ気分なアイスバー,147,158
アイスクリーム類 氷菓 氷,赤城たべる牧場プレミアム,239,258
アイスクリーム類 氷菓 氷,赤城たべる牧場マンゴー,221,238
アイスクリーム類 氷菓 氷,明治辻利ほうじ茶氷フロート,176,190
アイスクリーム類 氷菓 氷,森永製菓チョコボールアイスピーナッツ,165,178
アイスクリーム類 氷菓 氷,たっぷりフルーツのしろくま,276,298
アイスクリーム類 氷菓 氷,アンデイコクッキーシューアイス,165,178
アイスクリーム類 氷菓 氷,パリパリチョコバニラバー6本入,238,257
アイスクリーム類 氷菓 氷,赤城たべる牧場メロン,230,248
アイスクリーム類 氷菓 氷,赤城たべる牧場いちご,212,228
アイスクリーム類 氷菓 氷,パリパリ食感のたっぷりチョコチップバー,100,108
アイスクリーム類 氷菓 氷,パリッと食感のチョコバニラバー,100,108
アイスクリーム類 氷菓 氷,コクを味わうクッキー&クリームバー,100,108
アイスクリーム類 氷菓 氷,ふわっと香ばしいミルク濃厚シューアイス6個入,276,298
アイスクリーム類 氷菓 氷,グリコぎっしり満足！チョコチップ,165,178
アイスクリーム類 氷菓 氷,フルーツたっぷりしろくまバー5本入,320,345
アイスクリーム類 氷菓 氷,こだわりの果汁入りフルーツバー12本入,230,248
アイスクリーム類 氷菓 氷,赤城たべる牧場ミルクバー6本入,276,298
アイスクリーム類 氷菓 氷,森永製菓チョコボールアイスアソート,554,598
アイスクリーム類 氷菓 氷,ワッフルコーン濃旨ミルクバニラ,184,198
アイスクリーム類 氷菓 氷,赤城たべる牧場ミルク,184,198
アイスクリーム類 氷菓 氷,でっかいバニラモナカ,121,130
アイスクリーム類 氷菓 氷,グリコぎっしり満足！チョコミント,165,178
アイスクリーム類 氷菓 氷,氷700g,100,108
アイスクリーム類 氷菓 氷,氷1.5kg,200,216
アイスクリーム類 氷菓 氷,氷3.5kg,280,302
アイスクリーム類 氷菓 氷,使いやすいサイズのICE400g,100,108
アイスクリーム類 氷菓 氷,注いで飲めるICE200g,100,108
アイスクリーム類 氷菓 氷,便利なチャック付きICE1.1㎏,231,249